{"model":{"version":2,"nodes":[{"name":"RootNode","position":[0,0,0],"rotation":[0,0,0],"scale":[1,1,1],"scaleCompensation":false},{"name":"Cylinder","position":[0,1.5,0],"rotation":[-90,0,0],"scale":[1,1,1],"scaleCompensation":false},{"name":"Lamp","position":[4.07625,5.90386,-1.00545],"rotation":[47.5336,107.221,10.7437],"scale":[1,1,1],"scaleCompensation":false},{"name":"Camera","position":[7.48113,5.34367,6.50764],"rotation":[22.7688,142.108,34.3485],"scale":[1,1,1],"scaleCompensation":false}],"parents":[-1,0,0,0],"skins":[],"morphs":[],"vertices":[{"position":{"type":"float32","components":3,"data":[1,7.54979e-08,1.5,1,7.54979e-08,-1.5,0.980785,-0.19509,1.5,0.980785,-0.19509,-1.5,0.92388,-0.382683,1.5,0.92388,-0.382683,-1.5,0.83147,-0.55557,1.5,0.83147,-0.55557,-1.5,0.707107,-0.707107,1.5,0.707107,-0.707107,-1.5,0.55557,-0.83147,1.5,0.55557,-0.83147,-1.5,0.382683,-0.92388,1.5,0.382683,-0.92388,-1.5,0.19509,-0.980785,1.5,0.19509,-0.980785,-1.5,-3.25841e-07,-1,1.5,-3.25841e-07,-1,-1.5,-0.195091,-0.980785,1.5,-0.195091,-0.980785,-1.5,-0.382684,-0.923879,1.5,-0.382684,-0.923879,-1.5,-0.555571,-0.831469,1.5,-0.555571,-0.831469,-1.5,-0.707107,-0.707106,1.5,-0.707107,-0.707106,-1.5,-0.83147,-0.55557,1.5,-0.83147,-0.55557,-1.5,-0.92388,-0.382683,1.5,-0.92388,-0.382683,-1.5,-0.980785,-0.195089,1.5,-0.980785,-0.195089,-1.5,-1,9.65599e-07,1.5,-1,9.65599e-07,-1.5,-0.980785,-0.195089,1.5,0.92388,-0.382683,1.5,-0.382684,-0.923879,1.5,0.19509,-0.980785,1.5,0.707107,-0.707107,1.5,1,7.54979e-08,1.5,0.980785,-0.19509,1.5,0.83147,-0.55557,1.5,0.55557,-0.83147,1.5,0.382683,-0.92388,1.5,-0.195091,-0.980785,1.5,-3.25841e-07,-1,1.5,-0.555571,-0.831469,1.5,-0.83147,-0.55557,1.5,-0.707107,-0.707106,1.5,-0.92388,-0.382683,1.5,-1,9.65599e-07,1.5,1,7.54979e-08,-1.5,-0.980785,-0.195089,-1.5,0.92388,-0.382683,-1.5,-0.382684,-0.923879,-1.5,0.19509,-0.980785,-1.5,-0.83147,-0.55557,-1.5,-1,9.65599e-07,-1.5,-0.92388,-0.382683,-1.5,-0.555571,-0.831469,-1.5,-0.707107,-0.707106,-1.5,-0.195091,-0.980785,-1.5,-3.25841e-07,-1,-1.5,0.707107,-0.707107,-1.5,0.55557,-0.83147,-1.5,0.382683,-0.92388,-1.5,0.83147,-0.55557,-1.5,0.980785,-0.19509,-1.5]},"normal":{"type":"float32","components":3,"data":[-0.995185,0.0980171,0,-0.995185,0.0980171,0,-0.980785,0.19509,0,-0.980785,0.19509,0,-0.92388,0.382683,0,-0.92388,0.382683,0,-0.83147,0.55557,0,-0.83147,0.55557,0,-0.707107,0.707107,0,-0.707107,0.707107,0,-0.55557,0.83147,0,-0.55557,0.83147,0,-0.382683,0.92388,0,-0.382683,0.92388,0,-0.19509,0.980785,0,-0.19509,0.980785,0,3.00267e-07,1,0,3.00267e-07,1,0,0.195091,0.980785,0,0.195091,0.980785,0,0.382684,0.923879,0,0.382684,0.923879,0,0.555571,0.831469,0,0.555571,0.831469,0,0.707107,0.707106,0,0.707107,0.707106,0,0.83147,0.55557,0,0.83147,0.55557,0,0.92388,0.382683,0,0.92388,0.382683,0,0.980785,0.195089,0,0.980785,0.195089,0,0.995185,0.0980162,0,0.995185,0.0980162,0,7.25667e-08,0,-1,7.25667e-08,0,-1,7.25667e-08,0,-1,7.25667e-08,0,-1,7.25667e-08,0,-1,7.25667e-08,0,-1,7.25667e-08,0,-1,7.25667e-08,0,-1,7.25667e-08,0,-1,7.25667e-08,0,-1,7.25667e-08,0,-1,7.25667e-08,0,-1,7.25667e-08,0,-1,7.25667e-08,0,-1,7.25667e-08,0,-1,7.25667e-08,0,-1,7.25667e-08,0,-1,9.5476e-08,0,1,9.5476e-08,0,1,9.5476e-08,0,1,9.5476e-08,0,1,9.5476e-08,0,1,9.5476e-08,0,1,9.5476e-08,0,1,9.5476e-08,0,1,9.5476e-08,0,1,9.5476e-08,0,1,9.5476e-08,0,1,9.5476e-08,0,1,9.5476e-08,0,1,9.5476e-08,0,1,9.5476e-08,0,1,9.5476e-08,0,1,9.5476e-08,0,1]},"texCoord0":{"type":"float32","components":2,"data":[0.00010234,0.956376,9.77799e-05,9.91479e-05,0.0625896,0.956376,0.0625855,9.88439e-05,0.125077,0.956376,0.125073,9.85399e-05,0.187564,0.956376,0.187561,9.83119e-05,0.250051,0.956375,0.250049,9.81599e-05,0.312539,0.956375,0.312537,9.80079e-05,0.375026,0.956375,0.375024,9.79319e-05,0.437513,0.956375,0.437512,9.78559e-05,0.5,0.956375,0.5,9.77799e-05,0.562487,0.956375,0.562488,9.77799e-05,0.624975,0.956375,0.624976,9.78559e-05,0.687462,0.956375,0.687463,9.78559e-05,0.749949,0.956375,0.749951,9.79319e-05,0.812436,0.956376,0.812439,9.80839e-05,0.874924,0.956376,0.874927,9.82359e-05,0.937411,0.956376,0.937415,9.84639e-05,0.999898,0.956376,0.999902,9.86919e-05,0.504946,0.798744,0.98083,0.845615,0.654383,0.980834,0.798741,0.995052,0.926669,0.926673,0.999849,0.75,0.995048,0.798744,0.957741,0.888811,0.888807,0.957745,0.845611,0.980834,0.701253,0.995052,0.749997,0.999853,0.611187,0.957745,0.542253,0.888811,0.573325,0.926673,0.519164,0.845615,0.500145,0.75,0.499851,0.999853,0.0049481,0.951109,0.480832,0.904238,0.154385,0.769019,0.298744,0.754801,0.0422549,0.861042,0.000147312,0.999853,0.0191661,0.904238,0.111189,0.792108,0.0733271,0.82318,0.201256,0.754801,0.25,0.75,0.426671,0.82318,0.38881,0.792108,0.345615,0.769019,0.457743,0.861042,0.49505,0.951109]}}],"meshes":[{"aabb":{"min":[-1,-1,-1.5],"max":[1,9.65599e-07,1.5]},"vertices":0,"indices":[51,52,53,53,54,55,56,54,52,52,51,57,54,53,52,56,52,58,59,56,60,54,56,59,55,54,61,55,61,62,55,63,53,64,55,65,63,55,64,53,63,66,51,53,67],"type":"triangles","base":0,"count":45},{"aabb":{"min":[-1,-1,-1.5],"max":[1,9.65599e-07,1.5]},"vertices":0,"indices":[0,1,2,2,1,3,2,3,4,4,3,5,4,5,6,6,5,7,6,7,8,8,7,9,8,9,10,10,9,11,10,11,12,12,11,13,12,13,14,14,13,15,14,15,16,16,15,17,16,17,18,18,17,19,18,19,20,20,19,21,20,21,22,22,21,23,22,23,24,24,23,25,24,25,26,26,25,27,26,27,28,28,27,29,28,29,30,30,29,31,30,31,32,32,31,33],"type":"triangles","base":0,"count":96},{"aabb":{"min":[-1,-1,-1.5],"max":[1,9.65599e-07,1.5]},"vertices":0,"indices":[34,35,36,37,35,38,35,39,40,34,39,35,38,35,41,42,37,38,37,42,43,36,35,37,44,37,45,36,37,44,46,47,36,47,46,48,34,36,47,34,47,49,39,34,50],"type":"triangles","base":0,"count":45}],"meshInstances":[{"node":1,"mesh":0},{"node":1,"mesh":1},{"node":1,"mesh":2}]}}