{"model":{"version":2,"nodes":[{"name":"RootNode","position":[0,0,0],"rotation":[0,0,0],"scale":[1,1,1],"scaleCompensation":false},{"name":"Lamp","position":[4.07625,5.90386,-1.00545],"rotation":[47.5336,107.221,10.7437],"scale":[1,1,1],"scaleCompensation":false},{"name":"Camera","position":[7.48113,5.34367,6.50764],"rotation":[22.7688,142.108,34.3485],"scale":[1,1,1],"scaleCompensation":false},{"name":"mesh_2","position":[0,0,0],"rotation":[2.50448e-06,-0,0],"scale":[1,1,1],"scaleCompensation":false}],"parents":[-1,0,0,0],"skins":[],"morphs":[],"vertices":[{"position":{"type":"float32","components":3,"data":[-1.33224,2.56,2.85837,-2.76224,2.52,2.85837,-1.33224,2.52,2.85837,-2.76224,2.56,2.85837,-1.33224,2.56,2.79837,-1.33224,2.52,2.79837,-2.76224,2.52,2.79837,-2.76224,2.56,2.79837,-2.02724,2.52,2.85837,-2.06724,0.09,2.85837,-2.02724,0.09,2.85837,-2.06724,2.52,2.85837,-2.02724,2.52,2.79837,-2.02724,0.09,2.79837,-2.06724,0.09,2.79837,-2.06724,2.52,2.79837,-1.33224,2.52,2.85837,-1.33224,0.09,2.79837,-1.33224,0.09,2.85837,-1.33224,2.52,2.79837,-1.33224,0.09,2.85837,-2.02724,0.09,2.79837,-2.02724,0.09,2.85837,-1.33224,0.09,2.79837,-1.33224,2.52,2.85837,-2.02724,2.52,2.85837,-2.02724,2.52,2.79837,-1.33224,2.52,2.79837,-2.02724,2.52,2.85837,-2.02724,0.09,2.85837,-2.02724,0.09,2.79837,-2.02724,2.52,2.79837,-2.06724,2.52,2.85837,-2.06724,0.09,2.79837,-2.06724,0.09,2.85837,-2.06724,2.52,2.79837,-2.06724,0.09,2.85837,-2.76224,0.09,2.79837,-2.76224,0.09,2.85837,-2.06724,0.09,2.79837,-2.06724,2.52,2.85837,-2.76224,2.52,2.85837,-2.76224,2.52,2.79837,-2.06724,2.52,2.79837,-2.76224,2.52,2.85837,-2.76224,0.09,2.85837,-2.76224,0.09,2.79837,-2.76224,2.52,2.79837,-1.33224,0.09,2.85837,-2.76224,0.05,2.85837,-1.33224,0.05,2.85837,-2.76224,0.09,2.85837,-1.33224,0.09,2.79837,-1.33224,0.05,2.79837,-2.76224,0.05,2.79837,-2.76224,0.09,2.79837,-1.29224,2.56,2.85837,-1.29224,0.05,2.85837,-1.29224,2.56,2.79837,-1.29224,0.05,2.79837,-2.76224,2.56,2.85837,-2.80224,0.05,2.85837,-2.80224,2.56,2.85837,-2.76224,2.56,2.79837,-2.80224,0.05,2.79837,-2.80224,2.56,2.79837,-2.80224,2.56,2.85837,-2.80224,0.05,2.79837,-2.80224,0.05,2.85837,-2.80224,2.56,2.79837,-1.29224,2.56,2.85837,-1.29224,0.05,2.85837,-1.29224,0.05,2.79837,-1.29224,2.56,2.79837,-1.29224,2.56,2.85837,-2.80224,2.56,2.79837,-2.80224,2.56,2.85837,-1.29224,2.56,2.79837,-4.08224,2.56,2.85837,-5.01224,2.52,2.85837,-4.08224,2.52,2.85837,-5.01224,2.56,2.85837,-4.08224,2.56,2.79837,-4.08224,2.52,2.79837,-5.01224,2.52,2.79837,-5.01224,2.56,2.79837,-4.08224,2.52,2.85837,-4.08224,0.09,2.79837,-4.08224,0.09,2.85837,-4.08224,2.52,2.79837,-4.08224,0.09,2.85837,-5.01224,0.09,2.79837,-5.01224,0.09,2.85837,-4.08224,0.09,2.79837,-4.08224,2.52,2.85837,-5.01224,2.52,2.85837,-5.01224,2.52,2.79837,-4.08224,2.52,2.79837,-5.01224,2.52,2.85837,-5.01224,0.09,2.85837,-5.01224,0.09,2.79837,-5.01224,2.52,2.79837,-4.08224,0.09,2.85837,-5.01224,0.05,2.85837,-4.08224,0.05,2.85837,-5.01224,0.09,2.85837,-4.08224,0.09,2.79837,-4.08224,0.05,2.79837,-5.01224,0.05,2.79837,-5.01224,0.09,2.79837,-4.04224,2.56,2.85837,-4.04224,0.05,2.85837,-4.04224,2.56,2.79837,-4.04224,0.05,2.79837,-5.05224,0.05,2.85837,-5.05224,2.56,2.85837,-5.05224,0.05,2.79837,-5.05224,2.56,2.79837,-5.05224,2.56,2.85837,-5.05224,0.05,2.79837,-5.05224,0.05,2.85837,-5.05224,2.56,2.79837,-4.04224,2.56,2.85837,-4.04224,0.05,2.85837,-4.04224,0.05,2.79837,-4.04224,2.56,2.79837,-4.04224,2.56,2.85837,-5.05224,2.56,2.79837,-5.05224,2.56,2.85837,-4.04224,2.56,2.79837]},"normal":{"type":"float32","components":3,"data":[0,0,1,0,0,1,0,0,1,0,0,1,0,0,-1,0,0,-1,0,0,-1,0,0,-1,0,0,1,0,0,1,0,0,1,0,0,1,0,0,-1,0,0,-1,0,0,-1,0,0,-1,-1,0,0,-1,0,0,-1,0,0,-1,0,0,0,1,0,0,1,0,0,1,0,0,1,0,0,-1,0,0,-1,0,0,-1,0,0,-1,0,1,0,0,1,0,0,1,0,0,1,0,0,-1,0,0,-1,0,0,-1,0,0,-1,0,0,0,1,0,0,1,0,0,1,0,0,1,0,0,-1,0,0,-1,0,0,-1,0,0,-1,0,1,0,0,1,0,0,1,0,0,1,0,0,0,0,1,0,0,1,0,0,1,0,0,1,0,0,-1,0,0,-1,0,0,-1,0,0,-1,0,0,1,0,0,1,0,0,-1,0,0,-1,0,0,1,0,0,1,0,0,1,0,0,-1,0,0,-1,0,0,-1,-1,0,0,-1,0,0,-1,0,0,-1,0,0,1,0,0,1,0,0,1,0,0,1,0,0,0,1,0,0,1,0,0,1,0,0,1,0,0,0,1,0,0,1,0,0,1,0,0,1,0,0,-1,0,0,-1,0,0,-1,0,0,-1,-1,0,0,-1,0,0,-1,0,0,-1,0,0,0,1,0,0,1,0,0,1,0,0,1,0,0,-1,0,0,-1,0,0,-1,0,0,-1,0,1,0,0,1,0,0,1,0,0,1,0,0,0,0,1,0,0,1,0,0,1,0,0,1,0,0,-1,0,0,-1,0,0,-1,0,0,-1,0,0,1,0,0,1,0,0,-1,0,0,-1,0,0,1,0,0,1,0,0,-1,0,0,-1,-1,0,0,-1,0,0,-1,0,0,-1,0,0,1,0,0,1,0,0,1,0,0,1,0,0,0,1,0,0,1,0,0,1,0,0,1,0]}}],"meshes":[{"aabb":{"min":[-5.05224,0.05,2.79837],"max":[-1.29224,2.56,2.85837]},"vertices":0,"indices":[0,1,2,1,0,3,4,5,6,6,7,4,8,9,10,9,8,11,12,13,14,14,15,12,16,17,18,16,19,17,20,21,22,20,23,21,24,25,26,24,26,27,28,29,30,28,30,31,32,33,34,32,35,33,36,37,38,36,39,37,40,41,42,40,42,43,44,45,46,44,46,47,48,49,50,49,48,51,52,53,54,54,55,52,56,50,57,50,56,0,58,59,53,53,4,58,60,61,49,61,60,62,63,54,64,64,65,63,66,67,68,66,69,67,70,71,72,70,72,73,74,75,76,75,74,77,78,79,80,79,78,81,82,83,84,84,85,82,86,87,88,86,89,87,90,91,92,90,93,91,94,95,96,94,96,97,98,99,100,98,100,101,102,103,104,103,102,105,106,107,108,108,109,106,110,104,111,104,110,78,112,113,107,107,82,112,81,114,103,114,81,115,85,108,116,116,117,85,118,119,120,118,121,119,122,123,124,122,124,125,126,127,128,127,126,129],"type":"triangles","base":0,"count":216}],"meshInstances":[{"node":3,"mesh":0}]}}